{
  "Again": {
    "precision": 0.6875,
    "recall": 1.0,
    "f1-score": 0.8148148148148148,
    "support": 11.0
  },
  "Apartment": {
    "precision": 0.9166666666666666,
    "recall": 1.0,
    "f1-score": 0.9565217391304348,
    "support": 11.0
  },
  "Aunt": {
    "precision": 1.0,
    "recall": 1.0,
    "f1-score": 1.0,
    "support": 11.0
  },
  "Bad": {
    "precision": 1.0,
    "recall": 0.2727272727272727,
    "f1-score": 0.42857142857142855,
    "support": 11.0
  },
  "Beautiful": {
    "precision": 1.0,
    "recall": 1.0,
    "f1-score": 1.0,
    "support": 11.0
  },
  "Black": {
    "precision": 1.0,
    "recall": 0.5454545454545454,
    "f1-score": 0.7058823529411765,
    "support": 11.0
  },
  "Blue": {
    "precision": 1.0,
    "recall": 0.45454545454545453,
    "f1-score": 0.625,
    "support": 11.0
  },
  "Boy": {
    "precision": 1.0,
    "recall": 0.7272727272727273,
    "f1-score": 0.8421052631578947,
    "support": 11.0
  },
  "Bright": {
    "precision": 1.0,
    "recall": 1.0,
    "f1-score": 1.0,
    "support": 11.0
  },
  "Brother": {
    "precision": 1.0,
    "recall": 1.0,
    "f1-score": 1.0,
    "support": 11.0
  },
  "Brown": {
    "precision": 0.8333333333333334,
    "recall": 0.9090909090909091,
    "f1-score": 0.8695652173913043,
    "support": 11.0
  },
  "Bye-bye": {
    "precision": 1.0,
    "recall": 0.9090909090909091,
    "f1-score": 0.9523809523809523,
    "support": 11.0
  },
  "Camera": {
    "precision": 1.0,
    "recall": 0.5454545454545454,
    "f1-score": 0.7058823529411765,
    "support": 11.0
  },
  "Car": {
    "precision": 1.0,
    "recall": 1.0,
    "f1-score": 1.0,
    "support": 11.0
  },
  "Chair": {
    "precision": 1.0,
    "recall": 1.0,
    "f1-score": 1.0,
    "support": 11.0
  },
  "Child": {
    "precision": 1.0,
    "recall": 0.7272727272727273,
    "f1-score": 0.8421052631578947,
    "support": 11.0
  },
  "Clever": {
    "precision": 1.0,
    "recall": 0.8181818181818182,
    "f1-score": 0.9,
    "support": 11.0
  },
  "Colours": {
    "precision": 1.0,
    "recall": 0.45454545454545453,
    "f1-score": 0.625,
    "support": 11.0
  },
  "Correct": {
    "precision": 1.0,
    "recall": 0.7272727272727273,
    "f1-score": 0.8421052631578947,
    "support": 11.0
  },
  "Dark": {
    "precision": 1.0,
    "recall": 1.0,
    "f1-score": 1.0,
    "support": 11.0
  },
  "Daughter": {
    "precision": 1.0,
    "recall": 1.0,
    "f1-score": 1.0,
    "support": 11.0
  },
  "Day": {
    "precision": 1.0,
    "recall": 1.0,
    "f1-score": 1.0,
    "support": 11.0
  },
  "Deaf": {
    "precision": 1.0,
    "recall": 0.8181818181818182,
    "f1-score": 0.9,
    "support": 11.0
  },
  "Family": {
    "precision": 1.0,
    "recall": 1.0,
    "f1-score": 1.0,
    "support": 11.0
  },
  "Father": {
    "precision": 0.5555555555555556,
    "recall": 0.45454545454545453,
    "f1-score": 0.5,
    "support": 11.0
  },
  "Food": {
    "precision": 1.0,
    "recall": 1.0,
    "f1-score": 1.0,
    "support": 11.0
  },
  "Friday": {
    "precision": 1.0,
    "recall": 0.8181818181818182,
    "f1-score": 0.9,
    "support": 11.0
  },
  "Girl": {
    "precision": 1.0,
    "recall": 0.7272727272727273,
    "f1-score": 0.8421052631578947,
    "support": 11.0
  },
  "Golden": {
    "precision": 0.0,
    "recall": 0.0,
    "f1-score": 0.0,
    "support": 11.0
  },
  "Good": {
    "precision": 1.0,
    "recall": 0.18181818181818182,
    "f1-score": 0.3076923076923077,
    "support": 11.0
  },
  "Good afternoon": {
    "precision": 1.0,
    "recall": 0.9090909090909091,
    "f1-score": 0.9523809523809523,
    "support": 11.0
  },
  "Good evening": {
    "precision": 0.75,
    "recall": 0.8181818181818182,
    "f1-score": 0.782608695652174,
    "support": 11.0
  },
  "Good morning": {
    "precision": 1.0,
    "recall": 1.0,
    "f1-score": 1.0,
    "support": 11.0
  },
  "Good night": {
    "precision": 0.9166666666666666,
    "recall": 1.0,
    "f1-score": 0.9565217391304348,
    "support": 11.0
  },
  "Grandfather": {
    "precision": 0.7857142857142857,
    "recall": 1.0,
    "f1-score": 0.88,
    "support": 11.0
  },
  "Grandmother": {
    "precision": 0.8888888888888888,
    "recall": 0.7272727272727273,
    "f1-score": 0.8,
    "support": 11.0
  },
  "Green": {
    "precision": 0.5263157894736842,
    "recall": 0.9090909090909091,
    "f1-score": 0.6666666666666666,
    "support": 11.0
  },
  "Grey": {
    "precision": 1.0,
    "recall": 1.0,
    "f1-score": 1.0,
    "support": 11.0
  },
  "Happy": {
    "precision": 1.0,
    "recall": 0.2727272727272727,
    "f1-score": 0.42857142857142855,
    "support": 11.0
  },
  "He": {
    "precision": 1.0,
    "recall": 0.6363636363636364,
    "f1-score": 0.7777777777777778,
    "support": 11.0
  },
  "Hearing": {
    "precision": 0.7142857142857143,
    "recall": 0.45454545454545453,
    "f1-score": 0.5555555555555556,
    "support": 11.0
  },
  "Hello": {
    "precision": 1.0,
    "recall": 0.36363636363636365,
    "f1-score": 0.5333333333333333,
    "support": 11.0
  },
  "House": {
    "precision": 1.0,
    "recall": 0.9090909090909091,
    "f1-score": 0.9523809523809523,
    "support": 11.0
  },
  "How": {
    "precision": 1.0,
    "recall": 0.9090909090909091,
    "f1-score": 0.9523809523809523,
    "support": 11.0
  },
  "How are you_": {
    "precision": 1.0,
    "recall": 0.6363636363636364,
    "f1-score": 0.7777777777777778,
    "support": 11.0
  },
  "Husband": {
    "precision": 1.0,
    "recall": 1.0,
    "f1-score": 1.0,
    "support": 11.0
  },
  "I": {
    "precision": 0.0,
    "recall": 0.0,
    "f1-score": 0.0,
    "support": 11.0
  },
  "I don't understand": {
    "precision": 1.0,
    "recall": 0.5454545454545454,
    "f1-score": 0.7058823529411765,
    "support": 11.0
  },
  "I'm fine": {
    "precision": 1.0,
    "recall": 0.9090909090909091,
    "f1-score": 0.9523809523809523,
    "support": 11.0
  },
  "Indian": {
    "precision": 0.4166666666666667,
    "recall": 1.0,
    "f1-score": 0.5882352941176471,
    "support": 10.0
  },
  "Man": {
    "precision": 0.20754716981132076,
    "recall": 1.0,
    "f1-score": 0.34375,
    "support": 11.0
  },
  "Monday": {
    "precision": 1.0,
    "recall": 1.0,
    "f1-score": 1.0,
    "support": 11.0
  },
  "Month": {
    "precision": 0.8461538461538461,
    "recall": 1.0,
    "f1-score": 0.9166666666666666,
    "support": 11.0
  },
  "Morning": {
    "precision": 1.0,
    "recall": 0.9090909090909091,
    "f1-score": 0.9523809523809523,
    "support": 11.0
  },
  "Mother": {
    "precision": 0.5,
    "recall": 0.9090909090909091,
    "f1-score": 0.6451612903225806,
    "support": 11.0
  },
  "My name is": {
    "precision": 1.0,
    "recall": 1.0,
    "f1-score": 1.0,
    "support": 11.0
  },
  "Namaste": {
    "precision": 0.9166666666666666,
    "recall": 1.0,
    "f1-score": 0.9565217391304348,
    "support": 11.0
  },
  "No": {
    "precision": 0.0,
    "recall": 0.0,
    "f1-score": 0.0,
    "support": 11.0
  },
  "No fear": {
    "precision": 0.9090909090909091,
    "recall": 0.9090909090909091,
    "f1-score": 0.9090909090909091,
    "support": 11.0
  },
  "Orange": {
    "precision": 0.9166666666666666,
    "recall": 1.0,
    "f1-score": 0.9565217391304348,
    "support": 11.0
  },
  "Peace": {
    "precision": 1.0,
    "recall": 1.0,
    "f1-score": 1.0,
    "support": 11.0
  },
  "Photo": {
    "precision": 1.0,
    "recall": 0.7272727272727273,
    "f1-score": 0.8421052631578947,
    "support": 11.0
  },
  "Pink": {
    "precision": 0.6875,
    "recall": 1.0,
    "f1-score": 0.8148148148148148,
    "support": 11.0
  },
  "Place": {
    "precision": 1.0,
    "recall": 0.6363636363636364,
    "f1-score": 0.7777777777777778,
    "support": 11.0
  },
  "Please": {
    "precision": 1.0,
    "recall": 0.7,
    "f1-score": 0.8235294117647058,
    "support": 10.0
  },
  "Red": {
    "precision": 0.6666666666666666,
    "recall": 0.36363636363636365,
    "f1-score": 0.47058823529411764,