{
  "loss": [
    4.729742527008057,
    3.5111753940582275,
    2.755315065383911,
    2.2807955741882324,
    1.9860626459121704,
    1.7703512907028198,
    1.5662950277328491,
    1.4784845113754272,
    1.363743543624878,
    1.2868118286132812,
    1.2668439149856567,
    1.193803071975708,
    1.1762514114379883,
    1.1330698728561401,
    1.0210882425308228,
    0.9572007060050964,
    0.9483247995376587,
    0.9167048931121826,
    0.9076554179191589,
    0.8885864615440369,
    0.8747109770774841,
    0.8548994660377502,
    0.8398721814155579,
    0.8422744870185852,
    0.8405335545539856,
    0.8220575451850891,
    0.8157177567481995,
    0.7975258231163025,
    0.7953113317489624,
    0.7958424091339111,
    0.7780688405036926,
    0.7891739010810852,
    0.7364324331283569,
    0.7228705286979675,
    0.7177918553352356,
    0.7074856162071228,
    0.7030097246170044,
    0.6935828924179077,
    0.6953679919242859,
    0.6831119656562805,
    0.6867807507514954,
    0.6886529922485352,
    0.6766169667243958,
    0.670202910900116,
    0.6716270446777344,
    0.6635969281196594,
    0.659548282623291,
    0.6477340459823608,
    0.6409758925437927,
    0.6385116577148438,
    0.6359922885894775,
    0.6299248337745667,
    0.6243638396263123,
    0.6222578287124634
  ],
  "val_loss": [
    4.9853739738464355,
    4.586276531219482,
    3.682086944580078,
    3.6449456214904785,
    4.079399108886719,
    3.6195015907287598,
    4.1801300048828125,
    2.4801223278045654,
    2.1237006187438965,
    3.2021310329437256,
    2.884281873703003,
    2.4207096099853516,
    2.631314992904663,
    2.9589946269989014,
    3.439225435256958,
    3.2017574310302734,
    2.3903145790100098,
    1.9858505725860596,
    2.872546911239624,
    2.1471574306488037,
    2.7915279865264893,
    2.6925973892211914,
    1.5430312156677246,
    2.4471306800842285,
    3.109391450881958,
    1.804809331893921,
    1.5360380411148071,
    1.7592610120773315,
    1.6675808429718018,
    2.4701387882232666,
    3.39398193359375,
    2.3970744609832764,
    1.7269482612609863,
    2.4233174324035645,
    1.4036251306533813,
    1.9087424278259277,
    1.6748597621917725,
    1.3388638496398926,
    1.4055382013320923,
    2.4114551544189453,
    2.4975383281707764,
    1.2653782367706299,
    2.677610397338867,
    1.9312481880187988,
    2.3981213569641113,
    1.9474241733551025,
    2.8622565269470215,
    1.773011565208435,
    1.8263201713562012,
    1.5840003490447998,
    1.762453556060791,
    1.4945448637008667,
    1.596739411354065,
    1.2400189638137817
  ],
  "val_accuracy": [
    0.056239016354084015,
    0.07205624133348465,
    0.20738136768341064,
    0.2117750495672226,
    0.25483304262161255,
    0.26362037658691406,
    0.2021089643239975,
    0.4929701089859009,
    0.5667838454246521,
    0.36906853318214417,
    0.37961336970329285,
    0.5202109217643738,
    0.478910356760025,
    0.3769771456718445,
    0.3374340832233429,
    0.3919156491756439,
    0.5606327056884766,
    0.6493848562240601,
    0.4499121308326721,
    0.6247802972793579,
    0.5123022794723511,
    0.46836555004119873,
    0.7416520118713379,
    0.5193321704864502,
    0.40685412287712097,
    0.6704745292663574,
    0.7346221208572388,
    0.7047451734542847,
    0.7179262042045593,
    0.5017574429512024,
    0.3374340832233429,
    0.5465729236602783,
    0.6810193061828613,
    0.5219683647155762,
    0.7838312983512878,
    0.6528998017311096,
    0.7012302279472351,
    0.7996485233306885,
    0.7776801586151123,
    0.5694200396537781,
    0.5140597820281982,
    0.8137082457542419,
    0.49648505449295044,
    0.6616871953010559,
    0.5448154807090759,
    0.6467486619949341,
    0.4516696035861969,
    0.6757469177246094,
    0.6608084440231323,
    0.7152900099754333,
    0.688927948474884,
    0.7328646779060364,
    0.7267135381698608,
    0.7873462438583374
  ],
  "val_top3": [
    0.1151142343878746,
    0.18717047572135925,
    0.41827768087387085,
    0.4209138751029968,
    0.4244288206100464,
    0.49472758173942566,
    0.4121265411376953,
    0.7363796234130859,
    0.8128295540809631,
    0.6036906838417053,
    0.6441124677658081,
    0.7847099900245667,
    0.7372583746910095,
    0.6414762735366821,
    0.5606327056884766,
    0.6274164915084839,
    0.7671353220939636,
    0.8576449751853943,
    0.6546573042869568,
    0.8216168880462646,
    0.7021089792251587,
    0.7478031516075134,
    0.9182776808738708,
    0.7803163528442383,
    0.6001757383346558,
    0.8875219821929932,
    0.9297012090682983,
    0.8673110604286194,
    0.8699472546577454,
    0.7504393458366394,
    0.5852372646331787,
    0.7530755996704102,
    0.9042178988456726,
    0.7425307631492615,
    0.9147627353668213,
    0.8418277502059937,
    0.8769771456718445,
    0.9446397423744202,
    0.9200351238250732,
    0.7653778791427612,
    0.7442882061004639,
    0.937609851360321,
    0.7425307631492615,
    0.8251318335533142,
    0.7768014073371887,
    0.8207381367683411,
    0.6660808324813843,
    0.8532513380050659,
    0.8409490585327148,
    0.8945518732070923,
    0.8594024777412415,
    0.8963093161582947,
    0.9042178988456726,
    0.9340949058532715
  ],
  "learning_rate": [
    0.0005000000237487257,
    0.0005000000237487257,
    0.0005000000237487257,
    0.0005000000237487257,
    0.0005000000237487257,
    0.0005000000237487257,
    0.0005000000237487257,
    0.0005000000237487257,
    0.0005000000237487257,
    0.0005000000237487257,
    0.0005000000237487257,
    0.0005000000237487257,
    0.0005000000237487257,
    0.0005000000237487257,
    0.0002500000118743628,
    0.0002500000118743628,
    0.0002500000118743628,
    0.0002500000118743628,
    0.0002500000118743628,
    0.0002500000118743628,
    0.0002500000118743628,
    0.0002500000118743628,
    0.0002500000118743628,
    0.0002500000118743628,
    0.0002500000118743628,
    0.0002500000118743628,
    0.0002500000118743628,
    0.0002500000118743628,
    0.0002500000118743628,
    0.0002500000118743628,
    0.0002500000118743628,
    0.0002500000118743628,
    0.0001250000059371814,
    0.0001250000059371814,
    0.0001250000059371814,
    0.0001250000059371814,
    0.0001250000059371814,
    0.0001250000059371814,
    0.0001250000059371814,
    0.0001250000059371814,
    0.0001250000059371814,
    0.0001250000059371814,
    0.0001250000059371814,
    0.0001250000059371814,
    0.0001250000059371814,
    0.0001250000059371814,
    0.0001250000059371814,
    6.25000029685907e-05,
    6.25000029685907e-05,
    6.25000029685907e-05,
    6.25000029685907e-05,
    6.25000029685907e-05,
    3.125000148429535e-05,
    3.125000148429535e-05
  ]
}