{
  "loss": [
    5.019748687744141,
    4.096627235412598,
    3.551281690597534,
    3.0748701095581055,
    2.704509735107422,
    2.4286301136016846,
    2.170274019241333,
    1.9343478679656982,
    1.761472463607788,
    1.6271475553512573,
    1.502876877784729,
    1.4166500568389893,
    1.3045573234558105,
    1.246260643005371,
    1.1882961988449097,
    1.1283454895019531,
    1.102730631828308,
    1.0558319091796875,
    1.0156055688858032,
    0.9897611141204834,
    0.9688006639480591,
    0.9385650753974915,
    0.903873860836029,
    0.8950360417366028,
    0.8760375380516052,
    0.8768808245658875,
    0.8547567129135132,
    0.8390389084815979,
    0.8344554305076599,
    0.7741064429283142,
    0.7492085695266724,
    0.7459947466850281,
    0.7389968037605286,
    0.7280013561248779,
    0.7167075276374817,
    0.7148653864860535,
    0.7073699831962585,
    0.701076328754425,
    0.6953941583633423,
    0.6820573210716248,
    0.6887981295585632,
    0.6818486452102661,
    0.6728798747062683,
    0.6665504574775696,
    0.6662768125534058,
    0.6481879949569702,
    0.6413404941558838,
    0.6402712464332581,
    0.637139618396759,
    0.632085919380188,
    0.6307985782623291,
    0.6255127191543579,
    0.6239661574363708,
    0.6240437030792236
  ],
  "val_loss": [
    4.689023017883301,
    4.4632086753845215,
    4.313470363616943,
    3.695258378982544,
    3.8390796184539795,
    4.079006671905518,
    2.9528942108154297,
    3.182638168334961,
    2.7857043743133545,
    2.431187868118286,
    2.3856465816497803,
    2.1402833461761475,
    2.3637938499450684,
    1.9099972248077393,
    2.21404767036438,
    2.656909942626953,
    1.7708814144134521,
    1.890916109085083,
    2.150381088256836,
    2.0292718410491943,
    1.5949814319610596,
    1.8229539394378662,
    1.3059154748916626,
    1.7180612087249756,
    1.6093039512634277,
    1.5620561838150024,
    2.1926028728485107,
    1.6005228757858276,
    1.6114766597747803,
    1.0619750022888184,
    1.0997799634933472,
    1.2520581483840942,
    1.5022202730178833,
    1.019282341003418,
    1.2245397567749023,
    1.1504896879196167,
    0.9998658895492554,
    0.946211576461792,
    0.8983123302459717,
    1.1819078922271729,
    1.7130247354507446,
    1.4480009078979492,
    1.4156279563903809,
    1.1416761875152588,
    1.254630208015442,
    1.0306261777877808,
    1.2409985065460205,
    1.2257466316223145,
    1.3601590394973755,
    0.8534473180770874,
    1.1302847862243652,
    1.358803153038025,
    1.3272035121917725,
    1.148235559463501
  ],
  "val_accuracy": [
    0.04842931777238846,
    0.060209423303604126,
    0.10929319262504578,
    0.15052355825901031,
    0.20876963436603546,
    0.24410994350910187,
    0.3409685790538788,
    0.29908376932144165,
    0.36125653982162476,
    0.4273560345172882,
    0.4640052318572998,
    0.5287958383560181,
    0.47905758023262024,
    0.5320680737495422,
    0.4921466112136841,
    0.45091623067855835,
    0.606675386428833,
    0.5962041616439819,
    0.5418848395347595,
    0.6099476218223572,
    0.6871727705001831,
    0.6387434601783752,
    0.753926694393158,
    0.6537958383560181,
    0.6623036861419678,
    0.6956806182861328,
    0.532722532749176,
    0.6459423899650574,
    0.6695026159286499,
    0.8494764566421509,
    0.8370419144630432,
    0.7787958383560181,
    0.7113874554634094,
    0.8553664684295654,
    0.7859947681427002,
    0.8043193817138672,
    0.8619109988212585,
    0.8795811533927917,
    0.8998690843582153,
    0.7938481569290161,
    0.6570680737495422,
    0.727748692035675,
    0.731675386428833,
    0.8128272294998169,
    0.7846858501434326,
    0.8448953032493591,
    0.7918848395347595,
    0.7853403091430664,
    0.7467277646064758,
    0.8992146849632263,
    0.8082460761070251,
    0.7565445303916931,
    0.7670156955718994,
    0.8115183115005493
  ],
  "val_top3": [
    0.10602094233036041,
    0.14005236327648163,
    0.2310209423303604,
    0.3592931926250458,
    0.39528796076774597,
    0.4273560345172882,
    0.5772251486778259,
    0.5680628418922424,
    0.621073305606842,
    0.7212041616439819,
    0.731675386428833,
    0.8023560047149658,
    0.7558900713920593,
    0.8658376932144165,
    0.753926694393158,
    0.7094240784645081,
    0.8867800831794739,
    0.8344240784645081,
    0.7899214625358582,
    0.7918848395347595,
    0.8880890011787415,
    0.8376963138580322,
    0.9345549941062927,
    0.8802356123924255,
    0.8619109988212585,
    0.8867800831794739,
    0.7663612365722656,
    0.8795811533927917,
    0.8815445303916931,
    0.9620419144630432,
    0.9548429250717163,
    0.9345549941062927,
    0.8907067775726318,
    0.977748692035675,
    0.9404450058937073,
    0.948952853679657,
    0.9692408442497253,
    0.9849476218223572,
    0.9875654578208923,
    0.9528796076774597,
    0.8507853150367737,
    0.8979057669639587,
    0.9070680737495422,
    0.9600785374641418,
    0.9371727705001831,
    0.9640052318572998,
    0.9397905468940735,
    0.9443717002868652,
    0.9109947681427002,
    0.9869109988212585,
    0.9731675386428833,
    0.9221203923225403,
    0.9227748513221741,
    0.9548429250717163
  ],
  "learning_rate": [
    0.0003000000142492354,
    0.0003000000142492354,
    0.0003000000142492354,
    0.0003000000142492354,
    0.0003000000142492354,
    0.0003000000142492354,
    0.0003000000142492354,
    0.0003000000142492354,
    0.0003000000142492354,
    0.0003000000142492354,
    0.0003000000142492354,
    0.0003000000142492354,
    0.0003000000142492354,
    0.0003000000142492354,
    0.0003000000142492354,
    0.0003000000142492354,
    0.0003000000142492354,
    0.0003000000142492354,
    0.0003000000142492354,
    0.0003000000142492354,
    0.0003000000142492354,
    0.0003000000142492354,
    0.0003000000142492354,
    0.0003000000142492354,
    0.0003000000142492354,
    0.0003000000142492354,
    0.0003000000142492354,
    0.0003000000142492354,
    0.0003000000142492354,
    0.0001500000071246177,
    0.0001500000071246177,
    0.0001500000071246177,
    0.0001500000071246177,
    0.0001500000071246177,
    0.0001500000071246177,
    0.0001500000071246177,
    0.0001500000071246177,
    0.0001500000071246177,
    0.0001500000071246177,
    0.0001500000071246177,
    0.0001500000071246177,
    0.0001500000071246177,
    0.0001500000071246177,
    0.0001500000071246177,
    0.0001500000071246177,
    7.500000356230885e-05,
    7.500000356230885e-05,
    7.500000356230885e-05,
    7.500000356230885e-05,
    7.500000356230885e-05,
    7.500000356230885e-05,
    7.500000356230885e-05,
    7.500000356230885e-05,
    7.500000356230885e-05
  ]
}